<?xml version="1.0" encoding="UTF-8"?>
<beans xmlns="http://www.springframework.org/schema/beans"
	xmlns:xsi="http://www.w3.org/2001/XMLSchema-instance"
	xsi:schemaLocation="http://www.springframework.org/schema/beans https://www.springframework.org/schema/beans/spring-beans.xsd">
	
	<!-- Root Context: defines shared resources visible to all other web components -->
    
    <bean id="hikariConfig" class="com.zaxxer.hikari.HikariConfig">
        <!-- <property name="driverClassName" value="com.mysql.cj.jdbc.Driver"></property> -->
        <property name="driverClassName" value="net.sf.log4jdbc.sql.jdbcapi.DriverSpy"></property>
        <property name="jdbcUrl" value="jdbc:log4jdbc:mysql://localhost:3306/bbs?serverTimezone=Asia/Seoul"></property>
        <property name="username" value="ggoomter"></property>
        <property name="password" value="0070"></property>
    </bean>
    
    <bean id="datasource" class="com.zaxxer.hikari.HikariDataSource" destroy-method="close"> 
        <constructor-arg ref="hikariConfig"></constructor-arg> 
    </bean>
    
    <bean id="sqlSessionFactory" class="org.mybatis.spring.SqlSessionFactoryBean">
        <property name="dataSource" ref="datasource"></property>
    </bean> 
    
</beans>
