<?xml version="1.0" encoding="UTF-8"?>
<beans xmlns="http://www.springframework.org/schema/beans" xmlns:xsi="http://www.w3.org/2001/XMLSchema-instance"
				xmlns:mybatis-spring="http://mybatis.org/schema/mybatis-spring" xmlns:context="http://www.springframework.org/schema/context"
				xsi:schemaLocation="http://mybatis.org/schema/mybatis-spring http://mybatis.org/schema/mybatis-spring-1.2.xsd
		http://www.springframework.org/schema/beans https://www.springframework.org/schema/beans/spring-beans.xsd
		http://www.springframework.org/schema/context http://www.springframework.org/schema/context/spring-context-4.3.xsd">
	
	<!-- Root Context: defines shared resources visible to all other web components -->
    
    <bean id="hikariConfig" class="com.zaxxer.hikari.HikariConfig">
        <!-- <property name="driverClassName" value="com.mysql.cj.jdbc.Driver"></property> -->
        <property name="driverClassName" value="net.sf.log4jdbc.sql.jdbcapi.DriverSpy"></property>
        <property name="jdbcUrl" value="jdbc:log4jdbc:mysql://localhost:3306/ex?serverTimezone=Asia/Seoul"></property>
        <property name="username" value="ggoomter"></property>
        <property name="password" value="0070"></property>
    </bean>
    
    <bean id="datasource" class="com.zaxxer.hikari.HikariDataSource" destroy-method="close"> 
        <constructor-arg ref="hikariConfig"></constructor-arg> 
    </bean>
    
    <bean id="sqlSessionFactory" class="org.mybatis.spring.SqlSessionFactoryBean">
        <property name="dataSource" ref="datasource"></property>
    </bean> 
    
    <!-- 매퍼 인터페이스를 담을 패키지. 지정된 패키지부터 하위까지 모든 MyBatis관련 어노테이션을 찾아서 처리 -->
    <mybatis-spring:scan base-package="kr.co.human.mapper"/>
    
    <context:component-scan base-package="kr.co.human.model"></context:component-scan>
    <context:component-scan base-package="kr.co.human.service"></context:component-scan>
</beans>
